REGION	POS	REF	ALT	REF_DP	REF_RV	REF_QUAL	ALT_DP	ALT_RV	ALT_QUAL	ALT_FREQ	TOTAL_DP	PVAL	PASS	GFF_FEATURE	REF_CODON	REF_AA	ALT_CODON	ALT_AA
NC_045512.2	210	G	T	15	2	58	3	1	63	0.166667	18	0.0575053	FALSE	NA	NA	NA	NA	NA
NC_045512.2	237	G	T	21	3	67	1	1	38	0.0454545	22	0.372881	FALSE	NA	NA	NA	NA	NA
NC_045512.2	241	C	T	0	0	0	22	4	61	1	22	1.11553e-16	TRUE	NA	NA	NA	NA	NA
NC_045512.2	253	A	G	20	4	64	1	0	71	0.047619	21	0.368421	FALSE	NA	NA	NA	NA	NA
NC_045512.2	286	T	C	17	4	64	1	0	16	0.0555556	18	0.859158	FALSE	cds-YP_009724389.1	GGT	G	GGC	G
NC_045512.2	286	T	C	17	4	64	1	0	16	0.0555556	18	0.859158	FALSE	cds-YP_009725295.1	GGT	G	GGC	G
NC_045512.2	556	C	T	372	111	59	4	2	50	0.0106383	376	0.0211091	FALSE	cds-YP_009724389.1	TAC	Y	TAT	Y
NC_045512.2	556	C	T	372	111	59	4	2	50	0.0106383	376	0.0211091	FALSE	cds-YP_009725295.1	TAC	Y	TAT	Y
NC_045512.2	685	A	-AAGTCATTT	176	81	61	6	0	15	0.0210526	285	0.998603	FALSE	NA	NA	NA	NA	NA
NC_045512.2	733	T	C	17	6	67	1	0	78	0.0555556	18	0.367347	FALSE	cds-YP_009724389.1	GAT	D	GAC	D
NC_045512.2	733	T	C	17	6	67	1	0	78	0.0555556	18	0.367347	FALSE	cds-YP_009725295.1	GAT	D	GAC	D
NC_045512.2	809	T	C	21	0	67	1	0	72	0.0454545	22	0.354839	FALSE	cds-YP_009724389.1	TAC	Y	CAC	H
NC_045512.2	809	T	C	21	0	67	1	0	72	0.0454545	22	0.354839	FALSE	cds-YP_009725295.1	TAC	Y	CAC	H
NC_045512.2	810	A	-C	22	0	71	2	0	15	0.047619	42	0.727818	FALSE	NA	NA	NA	NA	NA
NC_045512.2	832	C	T	19	1	73	1	0	18	0.05	20	0.832802	FALSE	cds-YP_009724389.1	AAC	N	AAT	N
NC_045512.2	832	C	T	19	1	73	1	0	18	0.05	20	0.832802	FALSE	cds-YP_009725295.1	AAC	N	AAT	N
NC_045512.2	863	T	C	26	3	67	1	0	16	0.037037	27	0.904776	FALSE	cds-YP_009724389.1	TGC	C	CGC	R
NC_045512.2	863	T	C	26	3	67	1	0	16	0.037037	27	0.904776	FALSE	cds-YP_009725295.1	TGC	C	CGC	R
NC_045512.2	886	T	C	25	3	70	1	0	15	0.0384615	26	0.897876	FALSE	cds-YP_009724389.1	CGT	R	CGC	R
NC_045512.2	886	T	C	25	3	70	1	0	15	0.0384615	26	0.897876	FALSE	cds-YP_009725295.1	CGT	R	CGC	R
NC_045512.2	925	C	G	26	5	67	1	1	16	0.037037	27	0.90874	FALSE	cds-YP_009724389.1	GAC	D	GAG	E
NC_045512.2	925	C	G	26	5	67	1	1	16	0.037037	27	0.90874	FALSE	cds-YP_009725295.1	GAC	D	GAG	E
NC_045512.2	944	G	A	23	9	59	1	1	16	0.0416667	24	0.867678	FALSE	cds-YP_009724389.1	GGT	G	AGT	S
NC_045512.2	944	G	A	23	9	59	1	1	16	0.0416667	24	0.867678	FALSE	cds-YP_009725295.1	GGT	G	AGT	S
NC_045512.2	1052	T	A	689	77	63	411	31	62	0.373636	1100	1.99191e-200	TRUE	cds-YP_009724389.1	TTT	F	ATT	I
NC_045512.2	1052	T	A	689	77	63	411	31	62	0.373636	1100	1.99191e-200	TRUE	cds-YP_009725295.1	TTT	F	ATT	I
NC_045512.2	1107	T	C	622	45	65	639	59	64	0.506741	1261	0	TRUE	cds-YP_009724389.1	ATC	I	ACC	T
NC_045512.2	1107	T	C	622	45	65	639	59	64	0.506741	1261	0	TRUE	cds-YP_009725295.1	ATC	I	ACC	T
NC_045512.2	1251	C	T	910	280	63	82	20	65	0.0826613	992	8.70241e-37	TRUE	cds-YP_009724389.1	ACT	T	ATT	I
NC_045512.2	1251	C	T	910	280	63	82	20	65	0.0826613	992	8.70241e-37	TRUE	cds-YP_009725295.1	ACT	T	ATT	I
NC_045512.2	1330	T	C	61	2	42	1	0	39	0.016129	62	0.476923	FALSE	cds-YP_009724389.1	ACT	T	ACC	T
NC_045512.2	1330	T	C	61	2	42	1	0	39	0.016129	62	0.476923	FALSE	cds-YP_009725295.1	ACT	T	ACC	T
NC_045512.2	1333	T	C	9	2	68	2	0	38	0.181818	11	0.145503	FALSE	cds-YP_009724389.1	ACT	T	ACC	T
NC_045512.2	1333	T	C	9	2	68	2	0	38	0.181818	11	0.145503	FALSE	cds-YP_009725295.1	ACT	T	ACC	T
NC_045512.2	1465	T	C	11	0	58	1	0	17	0.0833333	12	0.770161	FALSE	cds-YP_009724389.1	GGT	G	GGC	G
NC_045512.2	1465	T	C	11	0	58	1	0	17	0.0833333	12	0.770161	FALSE	cds-YP_009725295.1	GGT	G	GGC	G
NC_045512.2	1582	T	-G	53	46	42	2	0	15	0.0333333	60	0.959762	FALSE	NA	NA	NA	NA	NA
NC_045512.2	1584	G	-A	77	70	41	1	0	15	0.0119048	84	0.997939	FALSE	NA	NA	NA	NA	NA
NC_045512.2	1585	A	-G	78	71	41	1	0	15	0.0116279	86	0.997823	FALSE	NA	NA	NA	NA	NA
NC_045512.2	1586	G	-A	79	72	41	2	0	15	0.0229885	87	0.988453	FALSE	NA	NA	NA	NA	NA
NC_045512.2	1593	C	T	166	161	38	4	2	55	0.0235294	170	0.056569	FALSE	cds-YP_009724389.1	TCC	S	TTC	F
NC_045512.2	1593	C	T	166	161	38	4	2	55	0.0235294	170	0.056569	FALSE	cds-YP_009725295.1	TCC	S	TTC	F
NC_045512.2	1602	T	+C	442	172	54	56	0	15	0.085758	653	0.27306	FALSE	NA	NA	NA	NA	NA
NC_045512.2	1603	T	-AA	446	173	54	57	0	15	0.0866261	658	0.243065	FALSE	NA	NA	NA	NA	NA
NC_045512.2	1695	T	G	800	72	59	193	16	61	0.194361	993	1.34107e-85	TRUE	cds-YP_009724389.1	TTG	L	TGG	W
NC_045512.2	1695	T	G	800	72	59	193	16	61	0.194361	993	1.34107e-85	TRUE	cds-YP_009725295.1	TTG	L	TGG	W
NC_045512.2	1759	A	+T	961	173	61	302	0	15	0.19509	1548	1.36181e-23	TRUE	NA	NA	NA	NA	NA
NC_045512.2	1886	G	T	627	299	55	114	53	55	0.153846	741	6.63361e-49	TRUE	cds-YP_009724389.1	GCT	A	TCT	S
NC_045512.2	1886	G	T	627	299	55	114	53	55	0.153846	741	6.63361e-49	TRUE	cds-YP_009725295.1	GCT	A	TCT	S
NC_045512.2	1946	G	-T	197	20	44	3	0	15	0.0126582	237	0.999981	FALSE	NA	NA	NA	NA	NA
NC_045512.2	2017	G	A	65	4	66	1	0	78	0.0151515	66	0.364641	FALSE	cds-YP_009724389.1	ATG	M	ATA	I
NC_045512.2	2017	G	A	65	4	66	1	0	78	0.0151515	66	0.364641	FALSE	cds-YP_009725295.1	ATG	M	ATA	I
NC_045512.2	2064	A	T	68	10	62	1	0	16	0.0144928	69	0.997289	FALSE	cds-YP_009724389.1	TAC	Y	TTC	F
NC_045512.2	2064	A	T	68	10	62	1	0	16	0.0144928	69	0.997289	FALSE	cds-YP_009725295.1	TAC	Y	TTC	F
NC_045512.2	2073	G	T	62	10	61	1	0	78	0.015873	63	0.381818	FALSE	cds-YP_009724389.1	GGT	G	GTT	V
NC_045512.2	2073	G	T	62	10	61	1	0	78	0.015873	63	0.381818	FALSE	cds-YP_009725295.1	GGT	G	GTT	V
NC_045512.2	2148	T	C	55	9	68	1	1	18	0.0178571	56	0.993645	FALSE	cds-YP_009724389.1	CTT	L	CCT	P
NC_045512.2	2148	T	C	55	9	68	1	1	18	0.0178571	56	0.993645	FALSE	cds-YP_009725295.1	CTT	L	CCT	P
NC_045512.2	2596	A	G	163	38	60	2	1	72	0.0121212	165	0.146691	FALSE	cds-YP_009724389.1	CCA	P	CCG	P
NC_045512.2	2596	A	G	163	38	60	2	1	72	0.0121212	165	0.146691	FALSE	cds-YP_009725295.1	CCA	P	CCG	P
NC_045512.2	2676	C	T	193	22	56	2	1	38	0.0102564	195	0.157882	FALSE	cds-YP_009724389.1	CCT	P	CTT	L
NC_045512.2	2676	C	T	193	22	56	2	1	38	0.0102564	195	0.157882	FALSE	cds-YP_009725295.1	CCT	P	CTT	L
NC_045512.2	2690	A	G	185	21	57	2	2	16	0.0106952	187	0.999997	FALSE	cds-YP_009724389.1	ACA	T	GCA	A
NC_045512.2	2690	A	G	185	21	57	2	2	16	0.0106952	187	0.999997	FALSE	cds-YP_009725295.1	ACA	T	GCA	A
NC_045512.2	2730	A	G	202	49	61	3	1	61	0.0146341	205	0.0551299	FALSE	cds-YP_009724389.1	AAG	K	AGG	R
NC_045512.2	2730	A	G	202	49	61	3	1	61	0.0146341	205	0.0551299	FALSE	cds-YP_009725295.1	AAG	K	AGG	R
NC_045512.2	2749	C	T	133	34	65	77	27	61	0.366667	210	2.00708e-38	TRUE	cds-YP_009724389.1	GAC	D	GAT	D
NC_045512.2	2749	C	T	133	34	65	77	27	61	0.366667	210	2.00708e-38	TRUE	cds-YP_009725295.1	GAC	D	GAT	D
NC_045512.2	3037	C	T	0	0	0	1072	280	62	1	1072	0	TRUE	cds-YP_009724389.1	TTC	F	TTT	F
NC_045512.2	3037	C	T	0	0	0	1072	280	62	1	1072	0	TRUE	cds-YP_009725295.1	TTC	F	TTT	F
NC_045512.2	3828	C	T	77	3	39	103	37	52	0.572222	180	2.4742e-46	TRUE	cds-YP_009724389.1	TCA	S	TTA	L
NC_045512.2	3828	C	T	77	3	39	103	37	52	0.572222	180	2.4742e-46	TRUE	cds-YP_009725295.1	TCA	S	TTA	L
NC_045512.2	4181	G	T	294	21	65	1012	72	62	0.774292	1307	0	TRUE	cds-YP_009724389.1	GCT	A	TCT	S
NC_045512.2	4181	G	T	294	21	65	1012	72	62	0.774292	1307	0	TRUE	cds-YP_009725295.1	GCT	A	TCT	S
NC_045512.2	4394	G	+A	826	293	60	229	0	15	0.170514	1343	1.74352e-15	TRUE	NA	NA	NA	NA	NA
NC_045512.2	4891	C	T	1145	352	62	22	7	64	0.0188356	1168	3.78079e-10	TRUE	cds-YP_009724389.1	ACC	T	ACT	T
NC_045512.2	4891	C	T	1145	352	62	22	7	64	0.0188356	1168	3.78079e-10	TRUE	cds-YP_009725295.1	ACC	T	ACT	T
NC_045512.2	5006	A	C	80	3	40	2	0	39	0.0243902	82	0.231187	FALSE	cds-YP_009724389.1	ACG	T	CCG	P
NC_045512.2	5006	A	C	80	3	40	2	0	39	0.0243902	82	0.231187	FALSE	cds-YP_009725295.1	ACG	T	CCG	P
NC_045512.2	5078	A	G	17	1	60	1	1	16	0.0555556	18	0.793869	FALSE	cds-YP_009724389.1	ACT	T	GCT	A
NC_045512.2	5078	A	G	17	1	60	1	1	16	0.0555556	18	0.793869	FALSE	cds-YP_009725295.1	ACT	T	GCT	A
NC_045512.2	5184	C	T	15	4	62	2	0	78	0.117647	17	0.137374	FALSE	cds-YP_009724389.1	CCT	P	CTT	L
NC_045512.2	5184	C	T	15	4	62	2	0	78	0.117647	17	0.137374	FALSE	cds-YP_009725295.1	CCT	P	CTT	L
NC_045512.2	5192	C	T	12	4	64	5	0	76	0.294118	17	0.0045143	TRUE	cds-YP_009724389.1	CTG	L	TTG	L
NC_045512.2	5192	C	T	12	4	64	5	0	76	0.294118	17	0.0045143	TRUE	cds-YP_009725295.1	CTG	L	TTG	L
NC_045512.2	5269	A	-T	36	24	52	1	0	15	0.02	50	0.968532	FALSE	NA	NA	NA	NA	NA
NC_045512.2	5275	A	C	47	36	48	1	1	36	0.0208333	48	0.444444	FALSE	cds-YP_009724389.1	GCA	A	GCC	A
NC_045512.2	5275	A	C	47	36	48	1	1	36	0.0208333	48	0.444444	FALSE	cds-YP_009725295.1	GCA	A	GCC	A
NC_045512.2	5280	A	G	86	75	43	1	1	20	0.0114943	87	0.71537	FALSE	cds-YP_009724389.1	AAC	N	AGC	S
NC_045512.2	5280	A	G	86	75	43	1	1	20	0.0114943	87	0.71537	FALSE	cds-YP_009725295.1	AAC	N	AGC	S
NC_045512.2	5584	A	G	235	137	52	18	6	62	0.0708661	254	7.88117e-08	TRUE	cds-YP_009724389.1	ACA	T	ACG	T
NC_045512.2	5584	A	G	235	137	52	18	6	62	0.0708661	254	7.88117e-08	TRUE	cds-YP_009725295.1	ACA	T	ACG	T
NC_045512.2	5629	G	A	213	42	57	3	0	61	0.0138889	216	0.0603901	FALSE	cds-YP_009724389.1	ACG	T	ACA	T
NC_045512.2	5629	G	A	213	42	57	3	0	61	0.0138889	216	0.0603901	FALSE	cds-YP_009725295.1	ACG	T	ACA	T
NC_045512.2	5648	A	C	174	41	65	6	2	62	0.0333333	180	0.00227284	TRUE	cds-YP_009724389.1	AAA	K	CAA	Q
NC_045512.2	5648	A	C	174	41	65	6	2	62	0.0333333	180	0.00227284	TRUE	cds-YP_009725295.1	AAA	K	CAA	Q
NC_045512.2	5831	T	C	152	34	65	2	0	44	0.012987	154	0.131373	FALSE	cds-YP_009724389.1	TCC	S	CCC	P
NC_045512.2	5831	T	C	152	34	65	2	0	44	0.012987	154	0.131373	FALSE	cds-YP_009725295.1	TCC	S	CCC	P
NC_045512.2	5931	G	A	393	121	57	254	78	57	0.392581	647	3.65613e-119	TRUE	cds-YP_009724389.1	TGT	C	TAT	Y
NC_045512.2	5931	G	A	393	121	57	254	78	57	0.392581	647	3.65613e-119	TRUE	cds-YP_009725295.1	TGT	C	TAT	Y
NC_045512.2	6037	C	T	717	95	59	10	1	56	0.0137552	727	6.43903e-05	TRUE	cds-YP_009724389.1	AGC	S	AGT	S
NC_045512.2	6037	C	T	717	95	59	10	1	56	0.0137552	727	6.43903e-05	TRUE	cds-YP_009725295.1	AGC	S	AGT	S
NC_045512.2	6151	C	T	380	128	62	361	124	62	0.487179	741	2.30003e-184	TRUE	cds-YP_009724389.1	GAC	D	GAT	D
NC_045512.2	6151	C	T	380	128	62	361	124	62	0.487179	741	2.30003e-184	TRUE	cds-YP_009725295.1	GAC	D	GAT	D
NC_045512.2	6319	A	G	286	20	62	203	12	64	0.415133	489	3.25476e-102	TRUE	cds-YP_009724389.1	CCA	P	CCG	P
NC_045512.2	6319	A	G	286	20	62	203	12	64	0.415133	489	3.25476e-102	TRUE	cds-YP_009725295.1	CCA	P	CCG	P
NC_045512.2	6402	C	T	219	58	63	255	71	64	0.537975	474	1.16698e-136	TRUE	cds-YP_009724389.1	CCA	P	CTA	L
NC_045512.2	6402	C	T	219	58	63	255	71	64	0.537975	474	1.16698e-136	TRUE	cds-YP_009725295.1	CCA	P	CTA	L
NC_045512.2	6613	A	G	308	18	64	582	55	63	0.653933	890	0	TRUE	cds-YP_009724389.1	GTA	V	GTG	V
NC_045512.2	6613	A	G	308	18	64	582	55	63	0.653933	890	0	TRUE	cds-YP_009725295.1	GTA	V	GTG	V
NC_045512.2	6961	G	+T	7	3	49	1	0	15	0.1	10	0.705882	FALSE	NA	NA	NA	NA	NA
NC_045512.2	6976	T	G	8	3	62	1	0	19	0.111111	9	0.662338	FALSE	cds-YP_009724389.1	AGT	S	AGG	R
NC_045512.2	6976	T	G	8	3	62	1	0	19	0.111111	9	0.662338	FALSE	cds-YP_009725295.1	AGT	S	AGG	R
NC_045512.2	7124	C	T	189	43	58	64	8	56	0.252964	253	2.9068e-29	TRUE	cds-YP_009724389.1	CCT	P	TCT	S
NC_045512.2	7124	C	T	189	43	58	64	8	56	0.252964	253	2.9068e-29	TRUE	cds-YP_009725295.1	CCT	P	TCT	S
NC_045512.2	7279	C	T	212	92	57	64	17	65	0.231884	276	2.07172e-29	TRUE	cds-YP_009724389.1	TTC	F	TTT	F
NC_045512.2	7279	C	T	212	92	57	64	17	65	0.231884	276	2.07172e-29	TRUE	cds-YP_009725295.1	TTC	F	TTT	F
NC_045512.2	7417	C	T	280	34	61	3	0	77	0.0106007	283	0.0537998	FALSE	cds-YP_009724389.1	TAC	Y	TAT	Y
NC_045512.2	7417	C	T	280	34	61	3	0	77	0.0106007	283	0.0537998	FALSE	cds-YP_009725295.1	TAC	Y	TAT	Y
NC_045512.2	8029	T	G	24	4	60	1	1	18	0.04	25	0.87608	FALSE	cds-YP_009724389.1	GTT	V	GTG	V
NC_045512.2	8029	T	G	24	4	60	1	1	18	0.04	25	0.87608	FALSE	cds-YP_009725295.1	GTT	V	GTG	V
NC_045512.2	8042	G	-CTTACGTT	26	4	62	2	0	15	0.0465116	43	0.77833	FALSE	NA	NA	NA	NA	NA
NC_045512.2	8053	T	A	27	4	62	1	1	76	0.0357143	28	0.383562	FALSE	cds-YP_009724389.1	AAT	N	AAA	K
NC_045512.2	8053	T	A	27	4	62	1	1	76	0.0357143	28	0.383562	FALSE	cds-YP_009725295.1	AAT	N	AAA	K
NC_045512.2	8056	G	-TTTTCATCAAC	29	5	62	2	0	15	0.0416667	48	0.773061	FALSE	NA	NA	NA	NA	NA
NC_045512.2	8069	T	A	31	4	61	1	1	68	0.03125	32	0.380952	FALSE	cds-YP_009724389.1	TTT	F	ATT	I
NC_045512.2	8069	T	A	31	4	61	1	1	68	0.03125	32	0.380952	FALSE	cds-YP_009725295.1	TTT	F	ATT	I
NC_045512.2	8085	A	G	33	4	65	1	0	76	0.0294118	34	0.365591	FALSE	cds-YP_009724389.1	GAA	E	GGA	G
NC_045512.2	8085	A	G	33	4	65	1	0	76	0.0294118	34	0.365591	FALSE	cds-YP_009725295.1	GAA	E	GGA	G
NC_045512.2	8127	C	A	32	14	54	1	0	39	0.030303	33	0.417722	FALSE	cds-YP_009724389.1	GCA	A	GAA	E
NC_045512.2	8127	C	A	32	14	54	1	0	39	0.030303	33	0.417722	FALSE	cds-YP_009725295.1	GCA	A	GAA	E
NC_045512.2	8257	A	-G	26	13	57	1	0	15	0.025641	39	0.890974	FALSE	NA	NA	NA	NA	NA
NC_045512.2	8266	C	+G	46	35	46	1	0	15	0.0175439	57	0.977292	FALSE	NA	NA	NA	NA	NA
NC_045512.2	8267	G	T	44	33	47	1	1	39	0.0217391	46	0.445545	FALSE	cds-YP_009724389.1	GAT	D	TAT	Y
NC_045512.2	8267	G	T	44	33	47	1	1	39	0.0217391	46	0.445545	FALSE	cds-YP_009725295.1	GAT	D	TAT	Y
NC_045512.2	8267	G	A	44	33	47	1	1	17	0.0217391	46	0.974381	FALSE	cds-YP_009724389.1	GAT	D	AAT	N
NC_045512.2	8267	G	A	44	33	47	1	1	17	0.0217391	46	0.974381	FALSE	cds-YP_009725295.1	GAT	D	AAT	N
NC_045512.2	8573	T	C	184	71	60	2	0	16	0.0107527	186	0.999997	FALSE	cds-YP_009724389.1	TTG	L	CTG	L
NC_045512.2	8573	T	C	184	71	60	2	0	16	0.0107527	186	0.999997	FALSE	cds-YP_009725295.1	TTG	L	CTG	L
NC_045512.2	8652	T	A	51	8	59	1	0	72	0.0192308	52	0.38806	FALSE	cds-YP_009724389.1	ATG	M	AAG	K
NC_045512.2	8652	T	A	51	8	59	1	0	72	0.0192308	52	0.38806	FALSE	cds-YP_009725295.1	ATG	M	AAG	K
NC_045512.2	8707	T	G	54	2	66	1	0	16	0.0181818	55	0.993448	FALSE	cds-YP_009724389.1	GGT	G	GGG	G
NC_045512.2	8707	T	G	54	2	66	1	0	16	0.0181818	55	0.993448	FALSE	cds-YP_009725295.1	GGT	G	GGG	G
NC_045512.2	8763	A	-TT	61	5	65	79	0	15	0.738318	107	2.33854e-15	TRUE	NA	NA	NA	NA	NA
NC_045512.2	8765	T	C	15	2	68	1	0	16	0.0625	16	0.801896	FALSE	cds-YP_009724389.1	TTT	F	CTT	L
NC_045512.2	8765	T	C	15	2	68	1	0	16	0.0625	16	0.801896	FALSE	cds-YP_009725295.1	TTT	F	CTT	L
NC_045512.2	8766	T	G	61	6	64	1	0	71	0.016129	62	0.373494	FALSE	cds-YP_009724389.1	TTT	F	TGT	C
NC_045512.2	8766	T	G	61	6	64	1	0	71	0.016129	62	0.373494	FALSE	cds-YP_009725295.1	TTT	F	TGT	C
NC_045512.2	8811	A	G	58	14	63	1	0	77	0.0169492	59	0.371069	FALSE	cds-YP_009724389.1	AAA	K	AGA	R
NC_045512.2	8811	A	G	58	14	63	1	0	77	0.0169492	59	0.371069	FALSE	cds-YP_009725295.1	AAA	K	AGA	R
NC_045512.2	8879	A	G	48	14	64	1	1	16	0.0204082	49	0.987604	FALSE	cds-YP_009724389.1	ACG	T	GCG	A
NC_045512.2	8879	A	G	48	14	64	1	1	16	0.0204082	49	0.987604	FALSE	cds-YP_009725295.1	ACG	T	GCG	A
NC_045512.2	8894	A	G	68	27	60	1	0	75	0.0144928	69	0.385475	FALSE	cds-YP_009724389.1	ACT	T	GCT	A
NC_045512.2	8894	A	G	68	27	60	1	0	75	0.0144928	69	0.385475	FALSE	cds-YP_009725295.1	ACT	T	GCT	A
NC_045512.2	8896	T	A	76	34	58	1	1	39	0.012987	77	0.394872	FALSE	cds-YP_009724389.1	ACT	T	ACA	T
NC_045512.2	8896	T	A	76	34	58	1	1	39	0.012987	77	0.394872	FALSE	cds-YP_009725295.1	ACT	T	ACA	T
NC_045512.2	8986	C	T	40	2	57	856	72	61	0.955357	896	0	TRUE	cds-YP_009724389.1	GAC	D	GAT	D
NC_045512.2	8986	C	T	40	2	57	856	72	61	0.955357	896	0	TRUE	cds-YP_009725295.1	GAC	D	GAT	D
NC_045512.2	9053	G	T	41	2	66	962	63	64	0.959123	1003	0	TRUE	cds-YP_009724389.1	GTA	V	TTA	L
NC_045512.2	9053	G	T	41	2	66	962	63	64	0.959123	1003	0	TRUE	cds-YP_009725295.1	GTA	V	TTA	L
NC_045512.2	9265	T	A	44	8	50	1	0	39	0.0222222	45	0.436893	FALSE	cds-YP_009724389.1	ACT	T	ACA	T
NC_045512.2	9265	T	A	44	8	50	1	0	39	0.0222222	45	0.436893	FALSE	cds-YP_009725295.1	ACT	T	ACA	T
NC_045512.2	9279	T	C	25	7	65	1	0	15	0.0384615	26	0.91027	FALSE	cds-YP_009724389.1	GTA	V	GCA	A
NC_045512.2	9279	T	C	25	7	65	1	0	15	0.0384615	26	0.91027	FALSE	cds-YP_009725295.1	GTA	V	GCA	A
NC_045512.2	9284	A	T	24	6	67	1	0	77	0.04	25	0.367647	FALSE	cds-YP_009724389.1	AAC	N	TAC	Y
NC_045512.2	9284	A	T	24	6	67	1	0	77	0.04	25	0.367647	FALSE	cds-YP_009725295.1	AAC	N	TAC	Y
NC_045512.2	9314	G	+T	28	4	65	1	0	15	0.0204082	49	0.913335	FALSE	NA	NA	NA	NA	NA
NC_045512.2	9336	T	C	26	1	65	1	0	16	0.037037	27	0.916589	FALSE	cds-YP_009724389.1	GTA	V	GCA	A
NC_045512.2	9336	T	C	26	1	65	1	0	16	0.037037	27	0.916589	FALSE	cds-YP_009725295.1	GTA	V	GCA	A
NC_045512.2	9374	C	A	24	4	61	1	0	76	0.04	25	0.378788	FALSE	cds-YP_009724389.1	CCT	P	ACT	T
NC_045512.2	9374	C	A	24	4	61	1	0	76	0.04	25	0.378788	FALSE	cds-YP_009725295.1	CCT	P	ACT	T
NC_045512.2	9415	T	C	25	6	64	1	0	16	0.0384615	26	0.91027	FALSE	cds-YP_009724389.1	GGT	G	GGC	G
NC_045512.2	9415	T	C	25	6	64	1	0	16	0.0384615	26	0.91027	FALSE	cds-YP_009725295.1	GGT	G	GGC	G
NC_045512.2	9426	C	T	25	6	61	1	0	75	0.0384615	26	0.371429	FALSE	cds-YP_009724389.1	GCT	A	GTT	V
NC_045512.2	9426	C	T	25	6	61	1	0	75	0.0384615	26	0.371429	FALSE	cds-YP_009725295.1	GCT	A	GTT	V
NC_045512.2	9856	G	T	90	26	55	1	0	70	0.010989	91	0.400881	FALSE	cds-YP_009724389.1	GTG	V	GTT	V
NC_045512.2	9856	G	T	90	26	55	1	0	70	0.010989	91	0.400881	FALSE	cds-YP_009725295.1	GTG	V	GTT	V
NC_045512.2	9857	C	T	93	26	55	2	0	38	0.0210526	95	0.159658	FALSE	cds-YP_009724389.1	CTA	L	TTA	L
NC_045512.2	9857	C	T	93	26	55	2	0	38	0.0210526	95	0.159658	FALSE	cds-YP_009725295.1	CTA	L	TTA	L
NC_045512.2	9865	T	G	96	24	56	1	1	16	0.0103093	97	0.999646	FALSE	cds-YP_009724389.1	CCT	P	CCG	P
NC_045512.2	9865	T	G	96	24	56	1	1	16	0.0103093	97	0.999646	FALSE	cds-YP_009725295.1	CCT	P	CCG	P
NC_045512.2	9867	T	C	94	25	55	2	0	57	0.0208333	96	0.157676	FALSE	cds-YP_009724389.1	CTT	L	CCT	P
NC_045512.2	9867	T	C	94	25	55	2	0	57	0.0208333	96	0.157676	FALSE	cds-YP_009725295.1	CTT	L	CCT	P
NC_045512.2	9893	C	T	85	10	59	32	5	60	0.273504	117	2.70046e-15	TRUE	cds-YP_009724389.1	CTT	L	TTT	F
NC_045512.2	9893	C	T	85	10	59	32	5	60	0.273504	117	2.70046e-15	TRUE	cds-YP_009725295.1	CTT	L	TTT	F
NC_045512.2	10029	C	T	97	37	59	19	8	57	0.163793	116	5.43189e-09	TRUE	cds-YP_009724389.1	ACC	T	ATC	I
NC_045512.2	10029	C	T	97	37	59	19	8	57	0.163793	116	5.43189e-09	TRUE	cds-YP_009725295.1	ACC	T	ATC	I
NC_045512.2	10030	C	T	112	44	58	4	1	65	0.0344828	116	0.0216458	FALSE	cds-YP_009724389.1	ACC	T	ACT	T
NC_045512.2	10030	C	T	112	44	58	4	1	65	0.0344828	116	0.0216458	FALSE	cds-YP_009725295.1	ACC	T	ACT	T
NC_045512.2	10323	A	G	1111	334	63	36	13	60	0.0313862	1147	2.82233e-16	TRUE	cds-YP_009724389.1	AAG	K	AGG	R
NC_045512.2	10323	A	G	1111	334	63	36	13	60	0.0313862	1147	2.82233e-16	TRUE	cds-YP_009725295.1	AAG	K	AGG	R
NC_045512.2	10674	G	A	431	150	60	132	37	65	0.234458	563	2.20657e-61	TRUE	cds-YP_009724389.1	TGG	W	TAG	*
NC_045512.2	10674	G	A	431	150	60	132	37	65	0.234458	563	2.20657e-61	TRUE	cds-YP_009725295.1	TGG	W	TAG	*
NC_045512.2	11021	A	T	219	143	49	82	25	63	0.271523	302	1.27658e-35	TRUE	cds-YP_009724389.1	ACA	T	TCA	S
NC_045512.2	11021	A	T	219	143	49	82	25	63	0.271523	302	1.27658e-35	TRUE	cds-YP_009725295.1	ACA	T	TCA	S
NC_045512.2	11095	C	T	377	76	60	5	0	70	0.013089	382	0.0077667	TRUE	cds-YP_009724389.1	GCC	A	GCT	A
NC_045512.2	11095	C	T	377	76	60	5	0	70	0.013089	382	0.0077667	TRUE	cds-YP_009725295.1	GCC	A	GCT	A
NC_045512.2	11095	C	+T	377	76	60	569	0	15	0.9104	625	2.67793e-97	TRUE	NA	NA	NA	NA	NA
NC_045512.2	11287	G	-TCTGGTTTT	361	138	61	510	0	15	0.874786	583	1.72944e-85	TRUE	NA	NA	NA	NA	NA
NC_045512.2	11288	T	A	12	3	64	4	0	44	0.25	16	4.75617e-07	TRUE	cds-YP_009724389.1	TCT	S	ACT	T
NC_045512.2	11288	T	A	12	3	64	4	0	44	0.25	16	4.75617e-07	TRUE	cds-YP_009725295.1	TCT	S	ACT	T
NC_045512.2	11291	G	A	12	3	66	5	0	70	0.294118	17	1.39754e-08	TRUE	cds-YP_009724389.1	GGT	G	AGT	S
NC_045512.2	11291	G	A	12	3	66	5	0	70	0.294118	17	1.39754e-08	TRUE	cds-YP_009725295.1	GGT	G	AGT	S
NC_045512.2	11296	T	G	13	3	67	6	0	72	0.3	20	6.23344e-10	TRUE	cds-YP_009724389.1	TTT	F	TTG	L
NC_045512.2	11296	T	G	13	3	67	6	0	72	0.3	20	6.23344e-10	TRUE	cds-YP_009725295.1	TTT	F	TTG	L
NC_045512.2	11296	T	A	13	3	67	1	1	20	0.05	20	0.141764	FALSE	cds-YP_009724389.1	TTT	F	TTA	L
NC_045512.2	11296	T	A	13	3	67	1	1	20	0.05	20	0.141764	FALSE	cds-YP_009725295.1	TTT	F	TTA	L
NC_045512.2	11332	A	G	706	380	58	197	106	55	0.218162	903	2.35327e-87	TRUE	cds-YP_009724389.1	GTA	V	GTG	V
NC_045512.2	11332	A	G	706	380	58	197	106	55	0.218162	903	2.35327e-87	TRUE	cds-YP_009725295.1	GTA	V	GTG	V
NC_045512.2	11418	T	C	1406	152	62	16	2	68	0.0112518	1422	1.51309e-07	TRUE	cds-YP_009724389.1	GTT	V	GCT	A
NC_045512.2	11418	T	C	1406	152	62	16	2	68	0.0112518	1422	1.51309e-07	TRUE	cds-YP_009725295.1	GTT	V	GCT	A
NC_045512.2	11514	C	T	1394	367	61	19	3	64	0.0134371	1414	1.03042e-08	TRUE	cds-YP_009724389.1	ACT	T	ATT	I
NC_045512.2	11514	C	T	1394	367	61	19	3	64	0.0134371	1414	1.03042e-08	TRUE	cds-YP_009725295.1	ACT	T	ATT	I
NC_045512.2	11750	C	A	334	72	58	5	0	52	0.0147493	339	0.0087707	TRUE	cds-YP_009724389.1	CTC	L	ATC	I
NC_045512.2	11750	C	A	334	72	58	5	0	52	0.0147493	339	0.0087707	TRUE	cds-YP_009725295.1	CTC	L	ATC	I
NC_045512.2	12034	T	-G	1468	184	63	459	0	15	0.18316	2506	1.4648e-35	TRUE	NA	NA	NA	NA	NA
NC_045512.2	12115	C	A	1313	421	61	52	13	66	0.0380952	1365	4.21764e-23	TRUE	cds-YP_009724389.1	TCC	S	TCA	S
NC_045512.2	12115	C	A	1313	421	61	52	13	66	0.0380952	1365	4.21764e-23	TRUE	cds-YP_009725295.1	TCC	S	TCA	S
NC_045512.2	12354	A	T	396	107	64	6	0	68	0.0149254	402	0.00247116	TRUE	cds-YP_009724389.1	CAG	Q	CTG	L
NC_045512.2	12354	A	T	396	107	64	6	0	68	0.0149254	402	0.00247116	TRUE	cds-YP_009725295.1	CAG	Q	CTG	L
NC_045512.2	12778	C	T	276	141	57	209	112	56	0.430928	485	1.33044e-100	TRUE	cds-YP_009724389.1	TAC	Y	TAT	Y
NC_045512.2	12778	C	T	276	141	57	209	112	56	0.430928	485	1.33044e-100	TRUE	cds-YP_009725295.1	TAC	Y	TAT	Y
NC_045512.2	12797	G	T	27	3	61	1	0	39	0.0357143	28	0.383562	FALSE	cds-YP_009724389.1	GGT	G	TGT	C
NC_045512.2	12797	G	T	27	3	61	1	0	39	0.0357143	28	0.383562	FALSE	cds-YP_009725295.1	GGT	G	TGT	C
NC_045512.2	12830	C	T	28	2	60	1	0	77	0.0344828	29	0.376623	FALSE	cds-YP_009724389.1	CAG	Q	TAG	*
NC_045512.2	12830	C	T	28	2	60	1	0	77	0.0344828	29	0.376623	FALSE	cds-YP_009725295.1	CAG	Q	TAG	*
NC_045512.2	12975	T	A	28	7	65	1	0	77	0.0344828	29	0.367089	FALSE	cds-YP_009724389.1	CTA	L	CAA	Q
NC_045512.2	12975	T	A	28	7	65	1	0	77	0.0344828	29	0.367089	FALSE	cds-YP_009725295.1	CTA	L	CAA	Q
NC_045512.2	13019	C	T	42	27	51	3	0	77	0.0666667	45	0.0714915	FALSE	cds-YP_009724389.1	CTA	L	TTA	L
NC_045512.2	13019	C	T	42	27	51	3	0	77	0.0666667	45	0.0714915	FALSE	cds-YP_009725295.1	CTA	L	TTA	L
NC_045512.2	13025	G	A	47	30	51	1	1	16	0.0208333	48	0.982853	FALSE	cds-YP_009724389.1	GCT	A	ACT	T
NC_045512.2	13025	G	A	47	30	51	1	1	16	0.0208333	48	0.982853	FALSE	cds-YP_009725295.1	GCT	A	ACT	T
NC_045512.2	13032	A	G	69	35	61	1	1	16	0.0142857	70	0.997466	FALSE	cds-YP_009724389.1	AAT	N	AGT	S
NC_045512.2	13032	A	G	69	35	61	1	1	16	0.0142857	70	0.997466	FALSE	cds-YP_009725295.1	AAT	N	AGT	S
NC_045512.2	13057	A	T	66	32	61	20	6	63	0.232558	86	7.98539e-10	TRUE	cds-YP_009724389.1	TCA	S	TCT	S
NC_045512.2	13057	A	T	66	32	61	20	6	63	0.232558	86	7.98539e-10	TRUE	cds-YP_009725295.1	TCA	S	TCT	S
NC_045512.2	13098	A	C	82	22	61	1	0	16	0.0120482	83	0.999147	FALSE	cds-YP_009724389.1	AAA	K	ACA	T
NC_045512.2	13098	A	C	82	22	61	1	0	16	0.0120482	83	0.999147	FALSE	cds-YP_009725295.1	AAA	K	ACA	T
NC_045512.2	13110	A	G	77	19	59	1	0	16	0.0128205	78	0.998518	FALSE	cds-YP_009724389.1	GAT	D	GGT	G
NC_045512.2	13110	A	G	77	19	59	1	0	16	0.0128205	78	0.998518	FALSE	cds-YP_009725295.1	GAT	D	GGT	G
NC_045512.2	13116	T	A	79	18	61	1	1	18	0.0125	80	0.999085	FALSE	cds-YP_009724389.1	CTA	L	CAA	Q
NC_045512.2	13116	T	A	79	18	61	1	1	18	0.0125	80	0.999085	FALSE	cds-YP_009725295.1	CTA	L	CAA	Q
NC_045512.2	13133	C	T	83	16	58	1	0	77	0.0119048	84	0.385321	FALSE	cds-YP_009724389.1	CCA	P	TCA	S
NC_045512.2	13133	C	T	83	16	58	1	0	77	0.0119048	84	0.385321	FALSE	cds-YP_009725295.1	CCA	P	TCA	S
NC_045512.2	13145	T	A	81	11	61	1	0	78	0.0121951	82	0.381395	FALSE	cds-YP_009724389.1	TGT	C	AGT	S
NC_045512.2	13145	T	A	81	11	61	1	0	78	0.0121951	82	0.381395	FALSE	cds-YP_009725295.1	TGT	C	AGT	S
NC_045512.2	13176	C	T	87	11	59	1	0	39	0.0113636	88	0.387665	FALSE	cds-YP_009724389.1	ACT	T	ATT	I
NC_045512.2	13176	C	T	87	11	59	1	0	39	0.0113636	88	0.387665	FALSE	cds-YP_009725295.1	ACT	T	ATT	I
NC_045512.2	13234	T	C	90	17	67	1	0	15	0.010989	91	0.999629	FALSE	cds-YP_009724389.1	GGT	G	GGC	G
NC_045512.2	13234	T	C	90	17	67	1	0	15	0.010989	91	0.999629	FALSE	cds-YP_009725295.1	GGT	G	GGC	G
NC_045512.2	13237	A	G	92	18	66	1	0	74	0.0107527	93	0.360465	FALSE	cds-YP_009724389.1	GCA	A	GCG	A
NC_045512.2	13237	A	G	92	18	66	1	0	74	0.0107527	93	0.360465	FALSE	cds-YP_009725295.1	GCA	A	GCG	A
NC_045512.2	13285	A	G	89	22	66	2	1	54	0.021978	91	0.135889	FALSE	cds-YP_009724389.1	AAA	K	AAG	K
NC_045512.2	13285	A	G	89	22	66	2	1	54	0.021978	91	0.135889	FALSE	cds-YP_009725295.1	AAA	K	AAG	K
NC_045512.2	13298	T	C	92	25	64	1	0	16	0.0107527	93	0.999567	FALSE	cds-YP_009724389.1	TTA	L	CTA	L
NC_045512.2	13298	T	C	92	25	64	1	0	16	0.0107527	93	0.999567	FALSE	cds-YP_009725295.1	TTA	L	CTA	L
NC_045512.2	13337	A	G	77	43	54	1	1	18	0.0128205	78	0.998637	FALSE	cds-YP_009724389.1	AAT	N	GAT	D
NC_045512.2	13337	A	G	77	43	54	1	1	18	0.0128205	78	0.998637	FALSE	cds-YP_009725295.1	AAT	N	GAT	D
NC_045512.2	13344	C	A	67	37	54	1	1	16	0.0147059	68	0.995783	FALSE	cds-YP_009724389.1	CCT	P	CAT	H
NC_045512.2	13344	C	A	67	37	54	1	1	16	0.0147059	68	0.995783	FALSE	cds-YP_009725295.1	CCT	P	CAT	H
NC_045512.2	13382	T	G	25	4	58	1	0	32	0.0384615	26	0.393939	FALSE	cds-YP_009724389.1	TGC	C	GGC	G
NC_045512.2	13382	T	G	25	4	58	1	0	32	0.0384615	26	0.393939	FALSE	cds-YP_009725295.1	TGC	C	GGC	G
NC_045512.2	13393	G	-A	24	4	62	1	0	15	0.025	40	0.920337	FALSE	NA	NA	NA	NA	NA
NC_045512.2	13525	G	T	28	7	61	1	0	39	0.0344828	29	0.386667	FALSE	cds-YP_009724389.1	GAT	D	TAT	Y
NC_045512.2	13536	C	T	26	6	60	2	0	75	0.0714286	28	0.143836	FALSE	cds-YP_009724389.1	TAC	Y	TAT	Y
NC_045512.2	13541	C	T	25	5	60	1	1	35	0.0384615	26	0.382353	FALSE	cds-YP_009724389.1	GCT	A	GTT	V
NC_045512.2	13565	T	C	22	2	68	1	0	20	0.0434783	23	0.359375	FALSE	cds-YP_009724389.1	GTA	V	GCA	A
NC_045512.2	13566	A	G	21	2	68	1	0	36	0.0454545	22	0.360656	FALSE	cds-YP_009724389.1	GTA	V	GTG	V
NC_045512.2	13832	T	-A	2693	693	66	203	0	15	0.0434783	4669	0.999997	FALSE	NA	NA	NA	NA	NA
NC_045512.2	13860	C	T	2142	608	64	440	119	65	0.170411	2582	2.3425e-202	TRUE	cds-YP_009724389.1	GAC	D	GAT	D
NC_045512.2	14183	C	T	17	7	58	801	241	63	0.979218	818	0	TRUE	cds-YP_009724389.1	ACC	T	ATC	I
NC_045512.2	14277	G	-TT	1170	210	54	553	0	15	0.322637	1714	3.46998e-59	TRUE	NA	NA	NA	NA	NA
NC_045512.2	14408	C	T	0	0	0	1448	247	60	1	1448	0	TRUE	cds-YP_009724389.1	CCT	P	CTT	L
NC_045512.2	14452	G	T	1206	305	65	290	94	63	0.19385	1496	4.50712e-135	TRUE	cds-YP_009724389.1	GTT	V	TTT	F
NC_045512.2	14540	G	T	598	205	62	388	142	61	0.393509	986	1.45379e-189	TRUE	cds-YP_009724389.1	AGT	S	ATT	I
NC_045512.2	14590	T	C	86	3	41	1	0	38	0.0114943	87	0.480663	FALSE	cds-YP_009724389.1	TCT	S	CCT	P
NC_045512.2	14627	T	G	18	3	60	1	0	34	0.0526316	19	0.387755	FALSE	cds-YP_009724389.1	TTT	F	TGT	C
NC_045512.2	14648	A	G	19	1	61	1	1	16	0.05	20	0.867171	FALSE	cds-YP_009724389.1	AAC	N	AGC	S
NC_045512.2	14681	A	-T	23	0	58	2	0	15	0.0540541	37	0.689095	FALSE	NA	NA	NA	NA	NA
NC_045512.2	14726	T	C	30	2	63	1	0	72	0.0322581	31	0.373494	FALSE	cds-YP_009724389.1	TTT	F	TCT	S
NC_045512.2	14883	T	A	78	64	44	1	1	20	0.0126582	79	0.461988	FALSE	cds-YP_009724389.1	GAT	D	GAA	E
NC_045512.2	14885	G	C	86	72	43	1	1	34	0.0114943	87	0.465241	FALSE	cds-YP_009724389.1	TGT	C	TCT	S
NC_045512.2	15168	G	A	369	89	56	4	4	19	0.0106952	374	1	FALSE	cds-YP_009724389.1	TTG	L	TTA	L
NC_045512.2	15172	T	A	374	96	54	4	4	18	0.0105541	379	1	FALSE	cds-YP_009724389.1	TCA	S	ACA	T
NC_045512.2	15235	C	T	59	4	43	1	0	38	0.0166667	60	0.46875	FALSE	cds-YP_009724389.1	CAC	H	TAC	Y
NC_045512.2	15237	C	T	46	4	44	1	0	78	0.0212766	47	0.460784	FALSE	cds-YP_009724389.1	CAC	H	CAT	H
NC_045512.2	15327	G	T	24	2	62	1	0	39	0.04	25	0.384615	FALSE	cds-YP_009724389.1	ATG	M	ATT	I
NC_045512.2	15331	A	C	24	2	62	1	0	20	0.04	25	0.384615	FALSE	cds-YP_009724389.1	AGA	R	CGA	R
NC_045512.2	15451	G	A	19	8	59	17	6	58	0.472222	36	6.0994e-09	TRUE	cds-YP_009724389.1	GGT	G	AGT	S
NC_045512.2	15491	A	G	47	30	48	1	1	32	0.0208333	48	0.432432	FALSE	cds-YP_009724389.1	GAT	D	GGT	G
NC_045512.2	16293	C	T	671	100	60	23	4	55	0.0330935	695	2.1162e-10	TRUE	cds-YP_009724389.1	TGC	C	TGT	C
NC_045512.2	16466	C	T	613	281	56	91	53	54	0.129261	704	3.99627e-39	TRUE	cds-YP_009724389.1	CCA	P	CTA	L
NC_045512.2	17175	T	C	888	80	59	193	17	58	0.178538	1081	9.13264e-86	TRUE	cds-YP_009724389.1	GCT	A	GCC	A
NC_045512.2	17259	G	T	16	1	54	1341	166	60	0.988209	1357	0	TRUE	cds-YP_009724389.1	GAG	E	GAT	D
NC_045512.2	17261	G	+T	1332	162	60	430	0	15	0.203022	2118	1.05516e-33	TRUE	NA	NA	NA	NA	NA
NC_045512.2	17410	C	T	1181	648	55	15	9	53	0.0125418	1196	1.03383e-06	TRUE	cds-YP_009724389.1	CGT	R	TGT	C
NC_045512.2	17597	C	-T	1096	293	62	254	0	15	0.138344	1836	7.69835e-13	TRUE	NA	NA	NA	NA	NA
NC_045512.2	17598	T	C	925	238	63	11	11	38	0.0117396	937	5.46709e-05	TRUE	cds-YP_009724389.1	GCT	A	GCC	A
NC_045512.2	17615	A	G	1001	291	64	40	15	61	0.0384246	1041	4.01476e-18	TRUE	cds-YP_009724389.1	AAG	K	AGG	R
NC_045512.2	17748	T	C	74	0	39	3	0	38	0.038961	77	0.117866	FALSE	cds-YP_009724389.1	CCT	P	CCC	P
NC_045512.2	17749	G	A	71	1	38	1	0	15	0.0138889	72	0.996624	FALSE	cds-YP_009724389.1	GCT	A	ACT	T
NC_045512.2	17755	A	G	15	1	47	1	0	36	0.0625	16	0.457143	FALSE	cds-YP_009724389.1	AGA	R	GGA	G
NC_045512.2	17785	T	A	9	2	46	1	0	78	0.1	10	0.454545	FALSE	cds-YP_009724389.1	TCA	S	ACA	T
NC_045512.2	17808	G	A	12	2	47	1	0	78	0.0769231	13	0.448276	FALSE	cds-YP_009724389.1	AAG	K	AAA	K
NC_045512.2	17833	G	A	14	2	60	1	0	39	0.0666667	15	0.405405	FALSE	cds-YP_009724389.1	GTT	V	ATT	I
NC_045512.2	17930	T	C	22	6	63	1	0	16	0.0434783	23	0.864561	FALSE	cds-YP_009724389.1	ATT	I	ACT	T
NC_045512.2	17953	C	T	22	8	58	1	1	39	0.0434783	23	0.403509	FALSE	cds-YP_009724389.1	CTT	L	TTT	F
NC_045512.2	17965	T	C	22	11	53	1	0	16	0.0434783	23	0.888589	FALSE	cds-YP_009724389.1	TCT	S	CCT	P
NC_045512.2	17994	A	T	256	139	57	92	53	58	0.264368	348	1.20723e-41	TRUE	cds-YP_009724389.1	CAA	Q	CAT	H
NC_045512.2	18623	T	-G	1321	530	58	153	0	15	0.0745614	2052	0.374979	FALSE	NA	NA	NA	NA	NA
NC_045512.2	18962	C	T	253	4	37	3	0	64	0.0117188	256	0.117247	FALSE	cds-YP_009724389.1	GCT	A	GTT	V
NC_045512.2	18974	T	G	24	4	50	2	0	38	0.0769231	26	0.177596	FALSE	cds-YP_009724389.1	GTT	V	GGT	G
NC_045512.2	18976	C	A	18	4	59	1	0	16	0.0526316	19	0.797965	FALSE	cds-YP_009724389.1	CAA	Q	AAA	K
NC_045512.2	18995	C	A	23	4	61	1	0	16	0.0416667	24	0.867678	FALSE	cds-YP_009724389.1	GCT	A	GAT	D
NC_045512.2	18998	C	T	22	3	59	1	0	20	0.0434783	23	0.389831	FALSE	cds-YP_009724389.1	GCA	A	GTA	V
NC_045512.2	19035	T	C	14	1	60	10	0	65	0.416667	24	1.53456e-05	TRUE	cds-YP_009724389.1	ATT	I	ATC	I
NC_045512.2	19110	T	A	25	7	57	1	0	37	0.0384615	26	0.4	FALSE	cds-YP_009724389.1	AGT	S	AGA	R
NC_045512.2	19122	T	+A	28	7	65	2	0	15	0.0416667	48	0.760619	FALSE	NA	NA	NA	NA	NA
NC_045512.2	19220	C	T	25	17	46	5	5	38	0.166667	30	0.0172528	FALSE	cds-YP_009724389.1	GCT	A	GTT	V
NC_045512.2	19297	T	C	85	13	62	1	0	16	0.0116279	86	0.999388	FALSE	cds-YP_009724389.1	TAT	Y	CAT	H
NC_045512.2	19314	A	T	93	11	63	1	1	16	0.0106383	94	0.999723	FALSE	cds-YP_009724389.1	GCA	A	GCT	A
NC_045512.2	19379	A	T	85	13	65	1	1	15	0.0116279	86	0.999275	FALSE	cds-YP_009724389.1	TAC	Y	TTC	F
NC_045512.2	19385	A	G	88	18	63	1	1	15	0.011236	89	0.999577	FALSE	cds-YP_009724389.1	GAC	D	GGC	G
NC_045512.2	19507	G	T	97	21	67	1	0	18	0.0102041	98	0.999788	FALSE	cds-YP_009724389.1	GAG	E	TAG	*
NC_045512.2	19634	T	C	257	47	58	3	0	18	0.0115385	260	1	FALSE	cds-YP_009724389.1	GTG	V	GCG	A
NC_045512.2	19660	C	T	283	42	58	4	0	74	0.0139373	287	0.0217415	FALSE	cds-YP_009724389.1	CAC	H	TAC	Y
NC_045512.2	20117	C	T	697	209	59	117	34	61	0.143382	816	3.26198e-53	TRUE	cds-YP_009724389.1	ACA	T	ATA	I
NC_045512.2	21089	A	-C	700	286	59	180	0	15	0.162749	1106	3.9653e-11	TRUE	NA	NA	NA	NA	NA
NC_045512.2	21161	C	A	88	16	52	1	1	17	0.011236	89	0.999196	FALSE	cds-YP_009724389.1	GCT	A	GAT	D
NC_045512.2	21173	C	T	9	3	52	67	14	61	0.881579	76	1.47347e-43	TRUE	cds-YP_009724389.1	ACA	T	ATA	I
NC_045512.2	21192	T	C	68	14	65	1	0	16	0.0144928	69	0.997049	FALSE	cds-YP_009724389.1	GCT	A	GCC	A
NC_045512.2	21200	A	G	74	15	63	1	0	32	0.0133333	75	0.378788	FALSE	cds-YP_009724389.1	TAT	Y	TGT	C
NC_045512.2	21225	G	A	81	11	63	1	0	77	0.0121951	82	0.371041	FALSE	cds-YP_009724389.1	TGG	W	TGA	*
NC_045512.2	21248	T	C	73	6	61	1	0	16	0.0135135	74	0.998223	FALSE	cds-YP_009724389.1	GTG	V	GCG	A
NC_045512.2	21255	G	T	71	8	59	2	0	78	0.0273973	73	0.141839	FALSE	cds-YP_009724389.1	GCG	A	GCT	A
NC_045512.2	21301	C	A	82	17	64	2	1	53	0.0238095	84	0.130094	FALSE	cds-YP_009724389.1	CCA	P	ACA	T
NC_045512.2	21305	G	T	9	4	58	73	15	66	0.890244	82	2.01914e-49	TRUE	cds-YP_009724389.1	CGC	R	CTC	L
NC_045512.2	21314	T	G	90	20	65	1	1	16	0.010989	91	0.999505	FALSE	cds-YP_009724389.1	ATA	I	AGA	R
NC_045512.2	21329	T	C	85	22	64	1	0	69	0.0116279	86	0.37069	FALSE	cds-YP_009724389.1	ATG	M	ACG	T
NC_045512.2	21614	C	T	7	2	64	115	41	62	0.942623	122	3.92902e-79	TRUE	cds-YP_009724390.1	CTT	L	TTT	F
NC_045512.2	21621	C	A	6	1	68	116	47	59	0.95082	122	1.31553e-79	TRUE	cds-YP_009724390.1	ACC	T	AAC	N
NC_045512.2	21638	C	T	7	1	70	115	46	58	0.942623	122	1.51037e-78	TRUE	cds-YP_009724390.1	CCT	P	TCT	S
NC_045512.2	21667	T	G	136	77	52	3	3	38	0.0214286	140	0.0692788	FALSE	cds-YP_009724390.1	GGT	G	GGG	G
NC_045512.2	21846	C	T	328	40	62	7	1	71	0.0208955	335	0.00102101	TRUE	cds-YP_009724390.1	ACT	T	ATT	I
NC_045512.2	21974	G	T	12	2	71	240	90	60	0.952381	252	6.68163e-167	TRUE	cds-YP_009724390.1	GAT	D	TAT	Y
NC_045512.2	21990	T	+TAC	219	88	58	11	0	15	0.0317003	347	0.992516	FALSE	NA	NA	NA	NA	NA
NC_045512.2	21993	A	C	214	84	59	6	1	77	0.0272727	220	0.00300631	TRUE	cds-YP_009724390.1	TAT	Y	TCT	S
NC_045512.2	21995	T	A	211	82	59	6	1	75	0.0276498	217	0.00297781	TRUE	cds-YP_009724390.1	TAC	Y	AAC	N
NC_045512.2	22032	T	C	8	1	47	1	0	39	0.111111	9	0.473684	FALSE	cds-YP_009724390.1	TTC	F	TCC	S
NC_045512.2	22110	A	T	8	1	57	1	0	69	0.111111	9	0.409091	FALSE	cds-YP_009724390.1	CAG	Q	CTG	L
NC_045512.2	22132	G	T	10	1	64	1	0	76	0.0909091	11	0.366667	FALSE	cds-YP_009724390.1	AGG	R	AGT	S
NC_045512.2	22225	G	A	10	4	58	1	1	38	0.0909091	11	0.407407	FALSE	cds-YP_009724390.1	TCG	S	TCA	S
NC_045512.2	22272	G	A	6	3	53	1	1	39	0.142857	7	0.4375	FALSE	cds-YP_009724390.1	AGG	R	AAG	K
NC_045512.2	22550	C	T	420	207	57	76	40	57	0.153226	496	3.72681e-33	TRUE	cds-YP_009724390.1	CCT	P	TCT	S
NC_045512.2	22812	A	C	393	163	60	395	161	58	0.501269	788	7.16141e-198	TRUE	cds-YP_009724390.1	AAG	K	ACG	T
NC_045512.2	22914	A	G	100	13	56	2	2	16	0.0196078	102	0.99848	FALSE	cds-YP_009724390.1	TAC	Y	TGC	C
NC_045512.2	22917	T	G	11	3	57	109	13	52	0.893443	122	2.50244e-69	TRUE	cds-YP_009724390.1	CTG	L	CGG	R
NC_045512.2	22917	T	A	11	3	57	2	0	77	0.0163934	122	0.0042987	TRUE	cds-YP_009724390.1	CTG	L	CAG	Q
NC_045512.2	22995	C	A	8	2	62	126	21	60	0.940299	134	2.23855e-86	TRUE	cds-YP_009724390.1	ACA	T	AAA	K
NC_045512.2	23012	G	A	135	25	60	9	1	62	0.0625	144	0.000154959	TRUE	cds-YP_009724390.1	GAA	E	AAA	K
NC_045512.2	23063	A	T	160	43	64	8	0	77	0.047619	168	0.000299513	TRUE	cds-YP_009724390.1	AAT	N	TAT	Y
NC_045512.2	23271	C	A	274	20	66	661	49	64	0.706952	935	0	TRUE	cds-YP_009724390.1	GCT	A	GAT	D
NC_045512.2	23403	A	G	0	0	0	889	245	64	1	889	0	TRUE	cds-YP_009724390.1	GAT	D	GGT	G
NC_045512.2	23604	C	G	2	0	74	384	24	59	0.771084	498	0	TRUE	cds-YP_009724390.1	CCT	P	CGT	R
NC_045512.2	23604	C	A	2	0	74	112	8	60	0.2249	498	1.89307e-143	TRUE	cds-YP_009724390.1	CCT	P	CAT	H
NC_045512.2	23835	G	T	55	3	41	1	0	18	0.0178571	56	0.991203	FALSE	cds-YP_009724390.1	AGT	S	ATT	I
NC_045512.2	23892	A	C	23	1	60	1	1	72	0.0416667	24	0.387097	FALSE	cds-YP_009724390.1	AAC	N	ACC	T
NC_045512.2	24040	G	T	15	6	58	3	1	61	0.166667	18	0.0537549	FALSE	cds-YP_009724390.1	GTG	V	GTT	V
NC_045512.2	24105	A	G	28	15	56	1	1	15	0.0344828	29	0.927697	FALSE	cds-YP_009724390.1	GAC	D	GGC	G
NC_045512.2	24114	G	A	42	16	59	1	1	17	0.0232558	43	0.972671	FALSE	cds-YP_009724390.1	TGT	C	TAT	Y
NC_045512.2	24128	A	C	43	17	58	1	0	18	0.0227273	44	0.97324	FALSE	cds-YP_009724390.1	AAC	N	CAC	H
NC_045512.2	24138	C	A	49	17	56	1	1	74	0.02	50	0.396825	FALSE	cds-YP_009724390.1	ACT	T	AAT	N
NC_045512.2	24206	A	C	67	6	63	1	0	16	0.0147059	68	0.99734	FALSE	cds-YP_009724390.1	ATC	I	CTC	L
NC_045512.2	24209	A	C	67	6	62	1	0	15	0.0147059	68	0.99734	FALSE	cds-YP_009724390.1	ACT	T	CCT	P
NC_045512.2	24221	A	C	65	4	63	1	0	16	0.0151515	66	0.997202	FALSE	cds-YP_009724390.1	ACC	T	CCC	P
NC_045512.2	24260	A	T	58	9	60	1	0	39	0.0169492	59	0.390728	FALSE	cds-YP_009724390.1	ATG	M	TTG	L
NC_045512.2	24358	C	-A	65	17	65	2	0	15	0.0176991	113	0.983427	FALSE	NA	NA	NA	NA	NA
NC_045512.2	24373	A	T	66	15	62	1	1	18	0.0149254	67	0.996483	FALSE	cds-YP_009724390.1	TCA	S	TCT	S
NC_045512.2	24397	T	G	62	19	64	1	0	77	0.015873	63	0.372781	FALSE	cds-YP_009724390.1	CTT	L	CTG	L
NC_045512.2	24403	A	G	81	40	56	1	1	16	0.0121951	82	0.999046	FALSE	cds-YP_009724390.1	AAA	K	AAG	K
NC_045512.2	24410	G	A	76	73	40	56	19	64	0.424242	132	1.47329e-24	TRUE	cds-YP_009724390.1	GAT	D	AAT	N
NC_045512.2	25009	G	-GA	629	264	59	96	0	15	0.096	1000	0.0222375	FALSE	NA	NA	NA	NA	NA
NC_045512.2	25088	G	T	276	32	59	185	23	60	0.401302	461	1.81964e-89	TRUE	cds-YP_009724390.1	GTT	V	TTT	F
NC_045512.2	25413	C	T	684	47	65	264	9	66	0.278481	948	8.32875e-127	TRUE	cds-YP_009724391.1	ATC	I	ATT	I
NC_045512.2	25469	C	T	599	112	61	336	61	62	0.359358	935	8.96001e-162	TRUE	cds-YP_009724391.1	TCA	S	TTA	L
NC_045512.2	25563	G	T	537	169	61	219	69	61	0.2893	757	9.6714e-104	TRUE	cds-YP_009724391.1	CAG	Q	CAT	H
NC_045512.2	25672	C	+T	85	26	58	2	0	15	0.0147059	136	0.995096	FALSE	NA	NA	NA	NA	NA
NC_045512.2	25680	C	T	80	24	59	1	0	16	0.0123457	81	0.998727	FALSE	cds-YP_009724391.1	CTC	L	CTT	L
NC_045512.2	25703	C	T	79	19	58	2	0	50	0.0246914	81	0.150502	FALSE	cds-YP_009724391.1	CCT	P	CTT	L
NC_045512.2	25703	C	+T	79	19	58	98	0	15	0.765625	128	8.01192e-18	TRUE	NA	NA	NA	NA	NA
NC_045512.2	25707	T	A	86	18	58	1	1	16	0.0114943	87	0.999285	FALSE	cds-YP_009724391.1	TTT	F	TTA	L
NC_045512.2	25708	C	T	83	17	59	3	1	77	0.0348837	86	0.0576684	FALSE	cds-YP_009724391.1	CTC	L	TTC	F
NC_045512.2	25736	T	C	83	7	63	1	0	16	0.0119048	84	0.999356	FALSE	cds-YP_009724391.1	TTG	L	TCG	S
NC_045512.2	25788	A	G	91	21	58	1	0	48	0.0108696	92	0.393162	FALSE	cds-YP_009724391.1	AAA	K	AAG	K
NC_045512.2	25809	A	G	99	32	58	2	0	77	0.0196078	102	0.1477	FALSE	cds-YP_009724391.1	TTA	L	TTG	L
NC_045512.2	25816	G	A	98	32	60	1	0	78	0.010101	99	0.385214	FALSE	cds-YP_009724391.1	GAT	D	AAT	N
NC_045512.2	25842	T	A	94	28	63	1	1	18	0.0105263	95	0.999741	FALSE	cds-YP_009724391.1	CAT	H	CAA	Q
NC_045512.2	25843	A	T	93	27	63	1	1	18	0.0105263	95	0.999723	FALSE	cds-YP_009724391.1	ACT	T	TCT	S
NC_045512.2	25843	A	G	93	27	63	1	1	15	0.0105263	95	0.999723	FALSE	cds-YP_009724391.1	ACT	T	GCT	A
NC_045512.2	26004	C	T	785	136	61	51	6	62	0.0610048	836	1.16192e-22	TRUE	cds-YP_009724391.1	CAC	H	CAT	H
NC_045512.2	26060	C	T	790	50	60	205	7	58	0.20603	995	5.1479e-92	TRUE	cds-YP_009724391.1	ACT	T	ATT	I
NC_045512.2	26149	T	C	606	138	62	478	96	65	0.440959	1084	1.95844e-245	TRUE	cds-YP_009724391.1	TCC	S	CCC	P
NC_045512.2	26467	G	C	485	114	65	5	0	72	0.0102041	490	0.00633448	TRUE	cds-YP_009724392.1	GTC	V	CTC	L
NC_045512.2	26492	A	T	420	125	63	165	2	74	0.282051	585	1.22832e-80	TRUE	NA	NA	NA	NA	NA
NC_045512.2	26767	T	C	586	201	61	374	118	62	0.389583	960	1.16022e-183	TRUE	cds-YP_009724393.1	ATC	I	ACC	T
NC_045512.2	26996	C	A	393	22	61	107	3	60	0.214	500	1.12176e-49	TRUE	cds-YP_009724393.1	CGC	R	CGA	R
NC_045512.2	27090	G	T	617	118	66	114	36	63	0.155951	731	8.82142e-54	TRUE	cds-YP_009724393.1	GAC	D	TAC	Y
NC_045512.2	27541	G	A	87	25	63	1	0	71	0.0113636	88	0.371308	FALSE	cds-YP_009724395.1	GCT	A	ACT	T
NC_045512.2	27549	C	T	81	21	63	1	0	39	0.0121951	82	0.374429	FALSE	cds-YP_009724395.1	AAC	N	AAT	N
NC_045512.2	27584	C	+T	84	13	62	2	0	15	0.0141844	141	0.996009	FALSE	NA	NA	NA	NA	NA
NC_045512.2	27638	T	C	36	11	52	21	5	61	0.368421	57	4.5114e-10	TRUE	cds-YP_009724395.1	GTT	V	GCT	A
NC_045512.2	27651	G	T	53	14	56	2	0	57	0.0363636	55	0.164179	FALSE	cds-YP_009724395.1	CTG	L	CTT	L
NC_045512.2	27710	C	A	54	14	63	1	1	17	0.0181818	55	0.992406	FALSE	cds-YP_009724395.1	GCA	A	GAA	E
NC_045512.2	27726	A	G	54	14	61	1	1	16	0.0181818	55	0.992406	FALSE	cds-YP_009724395.1	ACA	T	ACG	T
NC_045512.2	27752	C	T	33	12	60	20	3	70	0.377358	53	1.80368e-10	TRUE	cds-YP_009724395.1	ACA	T	ATA	I
NC_045512.2	27756	A	G	50	12	65	1	1	16	0.0196078	51	0.986616	FALSE	cds-YP_009724395.1	GAA	E	GAG	E
NC_045512.2	27756	A	G	50	12	65	1	1	16	0.0196078	51	0.986616	FALSE	cds-YP_009725318.1	ATG	M	GTG	V
NC_045512.2	27758	G	-ATT	49	13	64	1	0	15	0.0119048	84	0.987921	FALSE	NA	NA	NA	NA	NA
NC_045512.2	27774	A	T	31	11	62	15	4	66	0.326087	46	8.31158e-08	TRUE	cds-YP_009725318.1	ATT	I	TTT	F
NC_045512.2	27780	T	A	46	15	63	1	1	18	0.0212766	47	0.980886	FALSE	cds-YP_009725318.1	TTC	F	ATC	I
NC_045512.2	27874	C	T	70	5	64	678	113	62	0.906417	748	0	TRUE	cds-YP_009725318.1	ACT	T	ATT	I
NC_045512.2	28087	C	T	754	216	62	33	15	56	0.0419314	787	3.60535e-15	TRUE	cds-YP_009724396.1	GCT	A	GTT	V
NC_045512.2	28167	G	A	12	3	50	1	0	69	0.0769231	13	0.419355	FALSE	cds-YP_009724396.1	GAA	E	AAA	K
NC_045512.2	28242	G	T	9	2	57	1	0	36	0.1	10	0.416667	FALSE	cds-YP_009724396.1	GTT	V	TTT	F
NC_045512.2	28247	A	-GATTTC	10	3	53	11	0	15	0.785714	14	0.00889797	TRUE	NA	NA	NA	NA	NA
NC_045512.2	28253	C	T	2	0	39	1	1	38	0.333333	3	0.1875	FALSE	cds-YP_009724396.1	TTC	F	TTT	F
NC_045512.2	28262	G	+AACA	14	3	55	1	0	15	0.047619	21	0.825821	FALSE	NA	NA	NA	NA	NA
NC_045512.2	28270	T	-A	16	3	56	20	0	15	0.833333	24	0.000220958	TRUE	NA	NA	NA	NA	NA
NC_045512.2	28271	A	T	3	1	37	1	1	39	0.25	4	0.148148	FALSE	NA	NA	NA	NA	NA
NC_045512.2	28287	G	T	17	2	58	1	1	36	0.0555556	18	0.382979	FALSE	cds-YP_009724397.2	GGA	G	GTA	V
NC_045512.2	28311	C	T	17	1	69	2	1	50	0.105263	19	0.119497	FALSE	cds-YP_009724397.2	CCC	P	CTC	L
NC_045512.2	28326	G	T	25	2	68	1	0	78	0.0384615	26	0.356164	FALSE	cds-YP_009724397.2	GGT	G	GTT	V
NC_045512.2	28338	A	T	22	1	73	1	0	70	0.0434783	23	0.348485	FALSE	cds-YP_009724397.2	GAT	D	GTT	V
NC_045512.2	28344	C	A	21	1	75	1	0	18	0.0454545	22	0.893383	FALSE	cds-YP_009724397.2	ACT	T	AAT	N
NC_045512.2	28461	A	G	10	7	58	467	110	57	0.979036	477	0	TRUE	cds-YP_009724397.2	GAC	D	GGC	G
NC_045512.2	28568	G	A	259	56	60	354	52	62	0.577488	613	8.46451e-188	TRUE	cds-YP_009724397.2	GGT	G	AGT	S
NC_045512.2	28877	A	T	13	3	61	182	40	56	0.933333	195	1.09482e-119	TRUE	cds-YP_009724397.2	AGT	S	TGT	C
NC_045512.2	28878	G	C	14	3	62	182	40	57	0.928571	196	3.8203e-119	TRUE	cds-YP_009724397.2	AGT	S	ACT	T
NC_045512.2	28881	G	T	7	2	59	7	1	65	0.0357143	196	6.73091e-11	TRUE	cds-YP_009724397.2	AGG	R	ATG	M
NC_045512.2	28881	G	A	7	2	59	182	40	57	0.928571	196	1.72413e-126	TRUE	cds-YP_009724397.2	AGG	R	AAG	K
NC_045512.2	28882	G	A	14	3	60	181	40	56	0.923469	196	9.58973e-119	TRUE	cds-YP_009724397.2	AGG	R	AGA	R
NC_045512.2	28883	G	C	14	3	61	185	43	57	0.929648	199	2.41248e-121	TRUE	cds-YP_009724397.2	GGA	G	CGA	R
NC_045512.2	28887	C	T	232	48	59	7	2	55	0.0292887	239	0.00117073	TRUE	cds-YP_009724397.2	ACT	T	ATT	I
NC_045512.2	28916	G	T	253	68	64	5	2	61	0.0193798	258	0.00658848	TRUE	cds-YP_009724397.2	GGT	G	TGT	C
NC_045512.2	29041	G	T	353	97	57	82	53	50	0.188506	435	9.21523e-36	TRUE	cds-YP_009724397.2	AAG	K	AAT	N
NC_045512.2	29051	C	+A	347	69	56	8	0	15	0.0149533	535	1	FALSE	NA	NA	NA	NA	NA
NC_045512.2	29059	T	C	139	38	59	205	33	58	0.59593	344	7.90178e-108	TRUE	cds-YP_009724397.2	CGT	R	CGC	R
NC_045512.2	29210	G	C	406	99	60	99	18	63	0.19604	505	1.91296e-45	TRUE	cds-YP_009724397.2	GCG	A	CCG	P
NC_045512.2	29253	C	T	352	130	60	98	33	61	0.217778	450	4.9827e-45	TRUE	cds-YP_009724397.2	TCG	S	TTG	L
NC_045512.2	29311	C	T	308	124	60	4	2	56	0.0128205	312	0.0219695	FALSE	cds-YP_009724397.2	TTC	F	TTT	F
NC_045512.2	29360	T	C	73	0	40	1	0	15	0.0135135	74	0.995999	FALSE	cds-YP_009724397.2	TTC	F	CTC	L
NC_045512.2	29402	G	T	6	0	70	6	0	58	0.5	12	0.00125496	TRUE	cds-YP_009724397.2	GAT	D	TAT	Y
NC_045512.2	29493	T	G	13	2	66	1	1	18	0.0714286	14	0.772072	FALSE	cds-YP_009724397.2	TTG	L	TGG	W
NC_045512.2	29640	C	T	246	14	64	6	0	76	0.0238095	252	0.00230424	TRUE	cds-YP_009725255.1	GCA	A	GTA	V
NC_045512.2	29742	G	T	6	2	50	217	63	61	0.973094	223	3.54441e-158	TRUE	NA	NA	NA	NA	NA
NC_045512.2	29779	G	T	187	50	64	2	0	77	0.010582	189	0.134753	FALSE	NA	NA	NA	NA	NA
NC_045512.2	29828	G	A	119	32	64	3	3	18	0.0245902	122	0.99825	FALSE	NA	NA	NA	NA	NA
NC_045512.2	29870	C	A	2	0	38	5	5	35	0.714286	7	0.016317	FALSE	NA	NA	NA	NA	NA
NC_045512.2	29895	A	T	46	13	54	1	0	32	0.0212766	47	0.408696	FALSE	NA	NA	NA	NA	NA
